[
    {
        "model": "api.customer",
        "pk": 1,
        "fields": {
            "FirstName": "herp",
            "LastName": "derp",
            "DriversLicense": 10101010101, 
            "Email": "cool.guy@cool.me", 
            "DOB": "1991/09/06", 
            "GoldMember": 1, 
            "Province": "BC", 
            "City": "Salmon Arms",
            "PostalCode": "A1B2C3",
            "StreetNumber": "10001", 
            "StreetName": "Cool Street",
            "UnitNumber": "69"
        }
    },
    {
        "model": "api.customer",
        "pk": 2,
        "fields": {
            "FirstName": "herp2",
            "LastName": "derp",
            "DriversLicense": 10101010101, 
            "Email": "cool.guy@cool.me", 
            "DOB": "1991/09/06", 
            "GoldMember": 1, 
            "Province": "BC", 
            "City": "Salmon Arms",
            "PostalCode": "A1B2C3",
            "StreetNumber": "10001", 
            "StreetName": "Cool Street",
            "UnitNumber": "69"
        }
    }
]
